Accuracy,Precision,Recall,F1-Score,IoU,Cohen's Kappa
0.9732895726742952,0.9776352118991191,0.9513215596976343,0.9642989083983706,0.9310590827969091,0.9429681748311852
