Metric,Value
Accuracy,0.9067420111762152
Precision,0.23268090142192197
Recall,0.40117601433857053
F1-Score,0.2945333381214506
IoU,0.17269955766653683
Kappa,0.24836324103300866
