Period,GOS Area (km²),% GOS,Total Area (km²)
2019,413.1595511036464,38.53608669931738,1072.1367593117986
2023,388.4044518818163,36.227136930845646,1072.1367593117986
